{
  "errorCode": 0,
  "errorMessage": "",
  "result": {
    "hierarchyCommentList": [
      {
        "commentTime": "2017-04-03",
        "commentContent": "Dec2",
        "userName": "mobile@mobile.com",
        "interval": 201612,
        "factKey": 655559,
        "slaMetricKey": 20,
        "metricGroupName": "KPI-8 - CSB TAT for IBM action",
        "metricGroupShortName": "KPI-8 - CSB TAT for IBM action",
        "h1_key": 2,
        "h2_key": 3,
        "h3_key": 7,
        "h4_key": 1,
        "h5_key": -1,
        "fullPath": "Europe|MCO Benelux|Belgium|Bill to Cash",
        "status": "G",
        "trend": "D",
        "attachmentKey": 0,
        "fileName": null
      },
      {
        "commentTime": "2017-04-03",
        "commentContent": "Dec1",
        "userName": "mobile@mobile.com",
        "interval": 201612,
        "factKey": 655559,
        "slaMetricKey": 20,
        "metricGroupName": "KPI-8 - CSB TAT for IBM action",
        "metricGroupShortName": "KPI-8 - CSB TAT for IBM action",
        "h1_key": 2,
        "h2_key": 3,
        "h3_key": 7,
        "h4_key": 1,
        "h5_key": -1,
        "fullPath": "Europe|MCO Benelux|Belgium|Bill to Cash",
        "status": "G",
        "trend": "D",
        "attachmentKey": 0,
        "fileName": null
      },
      {
        "commentTime": "2017-03-31",
        "commentContent": "Test",
        "userName": "mobile@mobile.com",
        "interval": 201603,
        "factKey": 645173,
        "slaMetricKey": 43,
        "metricGroupName": "R2R-08 - Bank Acct. Reconcilation Quality and Timeliness",
        "metricGroupShortName": "R2R-08 - Bank Acct. Reconcilation Quality and Timeliness",
        "h1_key": 6,
        "h2_key": 21,
        "h3_key": 12,
        "h4_key": 5,
        "h5_key": -1,
        "fullPath": "North America|MCO North America|Canada|Record to Report",
        "status": "G",
        "trend": "S",
        "attachmentKey": 0,
        "fileName": null
      },
      {
        "commentTime": "2017-03-31",
        "commentContent": "Test",
        "userName": "mobile@mobile.com",
        "interval": 201605,
        "factKey": 664680,
        "slaMetricKey": 43,
        "metricGroupName": "R2R-08 - Bank Acct. Reconcilation Quality and Timeliness",
        "metricGroupShortName": "R2R-08 - Bank Acct. Reconcilation Quality and Timeliness",
        "h1_key": 6,
        "h2_key": 21,
        "h3_key": 12,
        "h4_key": 5,
        "h5_key": -1,
        "fullPath": "North America|MCO North America|Canada|Record to Report",
        "status": "G",
        "trend": "S",
        "attachmentKey": 0,
        "fileName": null
      },
      {
        "commentTime": "2017-03-31",
        "commentContent": "Jun1",
        "userName": "mobile@mobile.com",
        "interval": 201606,
        "factKey": 675495,
        "slaMetricKey": 17,
        "metricGroupName": "HD-03 - Speed to answer",
        "metricGroupShortName": "HD-03 - Speed to answer",
        "h1_key": 1,
        "h2_key": 27,
        "h3_key": 70,
        "h4_key": 2,
        "h5_key": -1,
        "fullPath": "Africa|MCO South Africa|South Africa|Helpdesk",
        "status": "G",
        "trend": "D",
        "attachmentKey": 0,
        "fileName": null
      },
      {
        "commentTime": "2017-03-31",
        "commentContent": "Dec1",
        "userName": "mobile@mobile.com",
        "interval": 201612,
        "factKey": 677711,
        "slaMetricKey": 17,
        "metricGroupName": "HD-03 - Speed to answer",
        "metricGroupShortName": "HD-03 - Speed to answer",
        "h1_key": 1,
        "h2_key": 27,
        "h3_key": 70,
        "h4_key": 2,
        "h5_key": -1,
        "fullPath": "Africa|MCO South Africa|South Africa|Helpdesk",
        "status": "G",
        "trend": "U",
        "attachmentKey": 0,
        "fileName": null
      },
      {
        "commentTime": "2017-03-28",
        "commentContent": "Test",
        "userName": "admin",
        "interval": 201612,
        "factKey": 660854,
        "slaMetricKey": 18,
        "metricGroupName": "HD-04 - Abandon Rate %",
        "metricGroupShortName": "HD-04 - Abandon Rate %",
        "h1_key": 2,
        "h2_key": 33,
        "h3_key": 38,
        "h4_key": 2,
        "h5_key": -1,
        "fullPath": "Europe|MCO UKI (UK/Ireland)|Ireland|Helpdesk",
        "status": "R",
        "trend": "U",
        "attachmentKey": 0,
        "fileName": null
      },
      {
        "commentTime": "2017-02-13",
        "commentContent": "wewewewe",
        "userName": "admin",
        "interval": 201602,
        "factKey": 645494,
        "slaMetricKey": 58,
        "metricGroupName": "T&E-01 - Audit Timeliness of Employee Expense Reports New Ver",
        "metricGroupShortName": "T&E-01 - Audit Timeliness of Employee Expense Reports New Ver",
        "h1_key": 2,
        "h2_key": 8,
        "h3_key": 4,
        "h4_key": 8,
        "h5_key": -1,
        "fullPath": "Europe|MCO DACH (Germany, Austria, Switzerland)|Austria|T&E",
        "status": "G",
        "trend": "S",
        "attachmentKey": 0,
        "fileName": null
      },
      {
        "commentTime": "2017-01-31",
        "commentContent": "test comment",
        "userName": "admin",
        "interval": 201603,
        "factKey": 645035,
        "slaMetricKey": 19,
        "metricGroupName": "KPI-5 Average % cash unallocated",
        "metricGroupShortName": "KPI-5 Average % cash unallocated",
        "h1_key": 2,
        "h2_key": 8,
        "h3_key": 4,
        "h4_key": 1,
        "h5_key": -1,
        "fullPath": "Europe|MCO DACH (Germany, Austria, Switzerland)|Austria|Bill to Cash",
        "status": "Y",
        "trend": "D",
        "attachmentKey": 0,
        "fileName": null
      },
      {
        "commentTime": "2017-01-31",
        "commentContent": "test comment ",
        "userName": "admin",
        "interval": 201603,
        "factKey": 648410,
        "slaMetricKey": 18,
        "metricGroupName": "HD-04 - Abandon Rate %",
        "metricGroupShortName": "HD-04 - Abandon Rate %",
        "h1_key": 4,
        "h2_key": 16,
        "h3_key": 63,
        "h4_key": 2,
        "h5_key": -1,
        "fullPath": "Latin America|MCO Mexico & Caribbean|Puerto Rico|Helpdesk",
        "status": "Y",
        "trend": "U",
        "attachmentKey": 0,
        "fileName": null
      },
      {
        "commentTime": "2017-01-31",
        "commentContent": "test %20",
        "userName": "admin",
        "interval": 201603,
        "factKey": 648410,
        "slaMetricKey": 18,
        "metricGroupName": "HD-04 - Abandon Rate %",
        "metricGroupShortName": "HD-04 - Abandon Rate %",
        "h1_key": 4,
        "h2_key": 16,
        "h3_key": 63,
        "h4_key": 2,
        "h5_key": -1,
        "fullPath": "Latin America|MCO Mexico & Caribbean|Puerto Rico|Helpdesk",
        "status": "Y",
        "trend": "U",
        "attachmentKey": 0,
        "fileName": null
      }
    ]
  }
}